{"workday:NVIDIA:/job/Taiwan-Taipei/Research-Scientist--Deep-Learning-and-Computer-Vision---New-College-Graduate_JR2018685": 1782187263.603868, "greenhouse:Appier:7907856": 1782187263.603868, "greenhouse:Appier:6914984": 1782187263.603868, "workday:NVIDIA:/job/Taiwan-Taipei/GPU-Firmware-Engineer_JR2014555": 1782187263.603868, "greenhouse:Appier:7033252": 1782187263.603868, "workday:Micron:/job/Taichung---AATT-Taiwan/AI-Enabled-Full-Stack-Developer---NCG_JR103724": 1782187263.603868, "workday:Micron:/job/Taichung---AATT-Taiwan/AI-Enabled-Full-Stack-Developer---Experienced_JR103711": 1782187263.603868, "workday:Micron:/job/Taichung---Fab-16-Taiwan/Data-Scientist_JR86694": 1782187263.603868, "workday:Micron:/job/Taichung---Fab-16-Taiwan/Sr-Data-Scientist--Innovation-Engineering-Technology_JR100114": 1782187263.603868, "workday:Micron:/job/Taoyuan---Fab-11-Taiwan/STAFF-DATA-SCIENTIST_JR86537": 1782187263.603868, "greenhouse:Appier:7949831": 1782187263.603868, "greenhouse:Appier:6986240": 1782187263.603868, "greenhouse:Appier:7744688": 1782187263.603868, "workday:Micron:/job/Taichung---MTB-Taiwan/HBM-ENGINEERING-TECHNICIAN_JR93740": 1782187263.603868, "greenhouse:Appier:1501726": 1782187263.603868, "greenhouse:Appier:1501746": 1782187263.603868, "greenhouse:Appier:7364432": 1782187263.603868, "greenhouse:Appier:7757000": 1782187263.603868, "greenhouse:Appier:6987027": 1782187263.603868, "greenhouse:Appier:6897205": 1782187263.603868, "workday:Micron:/job/Taichung---Fab-16-Taiwan/Frontend-Central-Product-Integration-Engineering--cPIE--Transformative-HVB--high-value-bits--Engineer-Senior-Engineer_JR96904": 1783315134.6194935, "workday:Micron:/job/Taoyuan---Fab-11-Taiwan/AI-Full-Stack-Senior-Engineer_JR105454": 1783400399.6343913, "workday:Micron:/job/Taichung---AATT-Taiwan/Data-Science-Manager_JR105326": 1783917358.5408516, "workday:Micron:/job/Taichung---Fab-16-Taiwan/DRAM-Product-Engineer---Mobile-Design-Validation-and-AI-Driven-Optimization_JR105338": 1784088656.7273571}