{"chopratejas/headroom": 1781875517.7475166, "addyosmani/agent-skills": 1781875517.7475166, "iptv-org/iptv": 1781875517.7475166, "Panniantong/Agent-Reach": 1781875517.7475166, "apple/container": 1781875517.7475166, "NVIDIA/SkillSpector": 1781875517.7475166, "phuryn/pm-skills": 1781875517.7475166, "DeusData/codebase-memory-mcp": 1781875517.7475166, "freeCodeCamp/freeCodeCamp": 1781875517.7475166, "chatwoot/chatwoot": 1781875517.7475166, "lfnovo/open-notebook": 1781875517.7475166, "asgeirtj/system_prompts_leaks": 1781875517.7475166, "google-research/timesfm": 1781875517.7475166, "kenn-io/agentsview": 1781875517.7475166, "Kilo-Org/kilocode": 1781875517.7475166, "obra/superpowers": 1781875517.7475166, "music-assistant/server": 1781875517.7475166, "meshery/meshery": 1781875517.7475166, "LMCache/LMCache": 1781875517.7475166, "github/spec-kit": 1781875517.7475166, "calesthio/OpenMontage": 1781875517.7475166, "palmier-io/palmier-pro": 1781875517.7475166, "cypress-io/cypress": 1781875517.7475166, "puppeteer/puppeteer": 1781875517.7475166, "swc-project/swc": 1781875517.7475166, "zai-org/GLM-5": 1781875517.7475166, "alibaba/zvec": 1781875517.7475166, "makeplane/plane": 1781875517.7475166, "public-apis/public-apis": 1781875517.7475166, "Adam-CAD/CADAM": 1781875517.7475166, "penpot/penpot": 1781875517.7475166, "n0-computer/iroh": 1781875517.7475166, "withastro/flue": 1781875517.7475166, "pytest-dev/pytest": 1781875517.7475166, "openai/codex": 1781875517.7475166, "Kong/insomnia": 1781875517.7475166, "Universal-Debloater-Alliance/universal-android-debloater-next-generation": 1781875517.7475166, "continuedev/continue": 1781875517.7475166, "cjpais/Handy": 1781875517.7475166, "stanford-oval/storm": 1781875517.7475166, "Lightricks/LTX-2": 1781875517.7475166, "bytedance/UI-TARS-desktop": 1781875517.7475166, "VectifyAI/OpenKB": 1781875517.7475166, "K-Dense-AI/scientific-agent-skills": 1781875517.7475166, "santinic/audiblez": 1781875517.7475166, "MemPalace/mempalace": 1781875517.7475166, "garrytan/gstack": 1781875517.7475166, "koala73/worldmonitor": 1781875517.7475166, "BuilderIO/agent-native": 1781875517.7475166, "stablyai/orca": 1781875517.7475166, "virattt/ai-hedge-fund": 1781925356.7452915, "godotengine/godot": 1781925356.7452915, "ifixai-ai/iFixAi": 1781925356.7452915, "jdx/mise": 1781925356.7452915, "asheshgoplani/agent-deck": 1781925356.7452915, "anomalyco/opentui": 1781925356.7452915, "rustdesk/rustdesk": 1781925356.7452915, "zed-industries/zed": 1781925356.7452915, "nodejs/node": 1781925356.7452915, "1jehuang/jcode": 1781925356.7452915, "fastapi/fastapi": 1781925356.7452915, "react/react": 1781925356.7452915, "kubearmor/KubeArmor": 1781925356.7452915, "prometheus/prometheus": 1781925356.7452915, "astral-sh/ruff": 1781925356.7452915, "golang/go": 1781925356.7452915, "tensorflow/tensorflow": 1781925356.7452915, "kubernetes/kubernetes": 1781925356.7452915, "vercel/next.js": 1781925356.7452915, "nautechsystems/nautilus_trader": 1781925356.7452915, "tauri-apps/tauri": 1781925356.7452915, "DietrichGebert/ponytail": 1781925356.7452915, "XiaomiMiMo/MiMo-Code": 1781925356.7452915, "shadcn/improve": 1781925356.7452915, "zzet/gortex": 1781925356.7452915, "angular/angular": 1781925356.7452915, "sveltejs/svelte": 1781925356.7452915, "temporalio/temporal": 1781925356.7452915, "omnigent-ai/omnigent": 1781925356.7452915, "charmbracelet/crush": 1781925356.7452915, "X11Libre/xserver": 1781925356.7452915, "lima-vm/lima": 1781925356.7452915, "livekit/livekit": 1781925356.7452915, "zarazhangrui/follow-builders": 1781925356.7452915, "TryGhost/Ghost": 1781925356.7452915, "fishjar/kiss-translator": 1781925356.7452915, "OSU-NLP-Group/HippoRAG": 1781925356.7452915, "go-gitea/gitea": 1781925356.7452915, "ocornut/imgui": 1781925356.7452915, "dolthub/dolt": 1781925356.7452915, "ast-grep/ast-grep": 1781925356.7452915, "cilium/cilium": 1781925356.7452915, "electron/electron": 1781925356.7452915, "OrcaSlicer/OrcaSlicer": 1781925356.7452915, "jamesyc/TimeCapsuleSMB": 1781925356.7452915, "weaviate/weaviate": 1781925356.7452915, "RPCS3/rpcs3": 1781925356.7452915, "oxc-project/oxc": 1781925356.7452915, "tamnd/kage": 1781925356.7452915, "BuilderIO/skills": 1781925356.7452915, "Michael-A-Kuykendall/shimmy": 1781926629.330724, "podman-container-tools/podman": 1781926629.330724, "kyverno/kyverno": 1781926629.330724, "argoproj/argo-cd": 1781926629.330724, "RocketChat/Rocket.Chat": 1781926629.330724, "alibaba/MNN": 1781926629.330724, "trekhleb/javascript-algorithms": 1781926629.330724, "facebook/rocksdb": 1781926629.330724, "TheOdinProject/curriculum": 1781926629.330724, "vercel/eve": 1781926629.330724, "musescore/MuseScore": 1781926629.330724, "espressif/arduino-esp32": 1781926629.330724, "oven-sh/bun": 1781926629.330724, "lenucksi/aur-malware-check": 1781926629.330724, "apache/datafusion": 1781926629.330724, "fleetdm/fleet": 1781926629.330724, "Waishnav/devspace": 1781926629.330724, "SkyBlue997/enableMacosAI": 1781926629.330724, "k0sproject/k0s": 1781926629.330724, "facebook/folly": 1781926629.330724, "doctest/doctest": 1781926629.330724, "fmtlib/fmt": 1781926629.330724, "littlefs-project/littlefs": 1781926629.330724, "rclone/rclone": 1781926629.330724, "google/googletest": 1781926629.330724, "loc567/loc567": 1781926629.330724, "MystenLabs/sui": 1781926629.330724, "apache/arrow": 1781926629.330724, "srush/gpu-puzzles": 1781926629.330724, "entireio/cli": 1781926629.330724, "EEliberto/IPA-Download": 1781926629.330724, "levy-street/world-of-claudecraft": 1781926629.330724, "Mathieu2301/TradingView-API": 1781926629.330724, "dbt-labs/dbt-core": 1781926629.330724, "orange2ai/renwei-writing": 1781926629.330724, "nolangz/pixel2motion": 1781926629.330724, "vorssaint/vorssaint-utils": 1781926629.330724, "alchaincyf/fanbox": 1781926629.330724, "coder/boo": 1781926629.330724, "joeseesun/qiaomu-goal-meta-skill": 1781926629.330724, "SunJaycy/GoldenEye-Recomp": 1781926629.330724, "TestSprite/testsprite-cli": 1781926629.330724, "fguzman82/gateGPT": 1781926629.330724, "MSNightmare/GreatXML": 1781926629.330724, "DanMcInerney/architect-loop": 1781926629.330724, "mrtooher/fable-mode": 1781926629.330724, "Plaer1/junction": 1781926629.330724, "fivetaku/fablize": 1781926629.330724, "NO6KIKO/gorest-2d-animation-spritesheet-generator": 1781926629.330724, "BishopFox/cloudfox": 1781926629.330724, "affaan-m/ECC": 1781927343.1176097, "JimLiu/baoyu-design": 1781927343.1176097, "royalbhati/sqltoerdiagram": 1781927343.1176097, "brave/brave-core": 1781927343.1176097, "voocel/ainovel-cli": 1781927343.1176097, "vercel/workflow": 1781927343.1176097, "zeromq/cppzmq": 1781927343.1176097, "VersusControl/versus-incident": 1781927343.1176097, "the-open-engine/zeroshot": 1781927343.1176097, "ninia/JEP": 1781927343.1176097, "prdgmshift/usbliter8": 1781927343.1176097, "mohitagw15856/pm-claude-skills": 1781927343.1176097, "Wack0/entii-for-workcubes": 1781927343.1176097, "ascorbic/cirrus": 1781927343.1176097, "Varnan-Tech/opendirectory": 1781927343.1176097, "vaniacer/sshto": 1781927343.1176097, "leyten/shard": 1781927343.1176097, "Harry-kp/vortix": 1781927343.1176097, "atlassian/atlassian-mcp-server": 1781927343.1176097, "socktainer/socktainer": 1781927343.1176097, "jungledesh/profile": 1781927343.1176097, "vijeeshr/quickretro": 1781927343.1176097, "xyTom/coding-tools-mcp": 1781927343.1176097, "gistpreview/gistpreview.github.io": 1781927343.1176097, "tyxak/remotepower": 1781927343.1176097, "graemeg/blaise": 1781927343.1176097, "jprx/fractal": 1781927343.1176097, "krvkir/org-mindmap": 1781927343.1176097, "asaptf/swift-os": 1781927343.1176097}