{"chopratejas/headroom": 1781872252.0272741, "addyosmani/agent-skills": 1781872252.0272741, "iptv-org/iptv": 1781872252.0272741, "Panniantong/Agent-Reach": 1781872252.0272741, "apple/container": 1781872252.0272741, "NVIDIA/SkillSpector": 1781872252.0272741, "phuryn/pm-skills": 1781872252.0272741, "DeusData/codebase-memory-mcp": 1781872252.0272741, "freeCodeCamp/freeCodeCamp": 1781872252.0272741, "chatwoot/chatwoot": 1781872252.0272741, "lfnovo/open-notebook": 1781872252.0272741, "asgeirtj/system_prompts_leaks": 1781872252.0272741, "google-research/timesfm": 1781872252.0272741, "kenn-io/agentsview": 1781872252.0272741, "Kilo-Org/kilocode": 1781872252.0272741, "obra/superpowers": 1781872252.0272741, "music-assistant/server": 1781872252.0272741, "meshery/meshery": 1781872252.0272741, "LMCache/LMCache": 1781872252.0272741, "github/spec-kit": 1781872252.0272741, "calesthio/OpenMontage": 1781872252.0272741, "palmier-io/palmier-pro": 1781872252.0272741, "cypress-io/cypress": 1781872252.0272741, "puppeteer/puppeteer": 1781872252.0272741, "swc-project/swc": 1781872252.0272741}