{"DeusData/codebase-memory-mcp": 1781866052.238235, "obra/superpowers": 1781866052.238235, "Kilo-Org/kilocode": 1781866052.238235, "google-research/timesfm": 1781866052.238235, "makeplane/plane": 1781866052.238235, "freeCodeCamp/freeCodeCamp": 1781866052.238235, "n0-computer/iroh": 1781866052.238235, "alibaba/zvec": 1781866052.238235, "Universal-Debloater-Alliance/universal-android-debloater-next-generation": 1781866052.238235, "zai-org/GLM-5": 1781866052.238235, "withastro/flue": 1781866052.238235, "Lightricks/LTX-2": 1781866052.238235, "LibreTranslate/LibreTranslate": 1781866052.238235, "DietrichGebert/ponytail": 1781866052.238235, "XiaomiMiMo/MiMo-Code": 1781866052.238235, "shadcn/improve": 1781866052.238235, "omnigent-ai/omnigent": 1781866052.238235, "clojurewasm/ClojureWasm": 1781866052.238235, "Kong/insomnia": 1781866052.238235, "dotnet/aspnetcore": 1781866052.238235}