{"chopratejas/headroom": 1781869827.9048069, "addyosmani/agent-skills": 1781869827.9048069, "iptv-org/iptv": 1781869827.9048069, "Panniantong/Agent-Reach": 1781869827.9048069, "apple/container": 1781869827.9048069, "NVIDIA/SkillSpector": 1781869827.9048069, "phuryn/pm-skills": 1781869827.9048069, "DeusData/codebase-memory-mcp": 1781869827.9048069, "freeCodeCamp/freeCodeCamp": 1781869827.9048069, "chatwoot/chatwoot": 1781869827.9048069, "lfnovo/open-notebook": 1781869827.9048069, "asgeirtj/system_prompts_leaks": 1781869827.9048069, "obra/superpowers": 1781869827.9048069, "kenn-io/agentsview": 1781869827.9048069, "Kilo-Org/kilocode": 1781869827.9048069, "music-assistant/server": 1781869827.9048069, "meshery/meshery": 1781869827.9048069, "google-research/timesfm": 1781869827.9048069, "LMCache/LMCache": 1781869827.9048069, "github/spec-kit": 1781869827.9048069, "calesthio/OpenMontage": 1781869827.9048069, "palmier-io/palmier-pro": 1781869827.9048069, "cypress-io/cypress": 1781869827.9048069, "makeplane/plane": 1781869827.9048069, "puppeteer/puppeteer": 1781869827.9048069}