{"DeusData/codebase-memory-mcp": 1781867110.9271524, "obra/superpowers": 1781867110.9271524, "Kilo-Org/kilocode": 1781867110.9271524, "google-research/timesfm": 1781867110.9271524, "makeplane/plane": 1781867110.9271524, "freeCodeCamp/freeCodeCamp": 1781867110.9271524, "n0-computer/iroh": 1781867110.9271524, "alibaba/zvec": 1781867110.9271524, "Universal-Debloater-Alliance/universal-android-debloater-next-generation": 1781867110.9271524, "zai-org/GLM-5": 1781867110.9271524, "withastro/flue": 1781867110.9271524, "Lightricks/LTX-2": 1781867110.9271524, "LibreTranslate/LibreTranslate": 1781867110.9271524, "DietrichGebert/ponytail": 1781867110.9271524, "XiaomiMiMo/MiMo-Code": 1781867110.9271524, "shadcn/improve": 1781867110.9271524, "omnigent-ai/omnigent": 1781867110.9271524, "clojurewasm/ClojureWasm": 1781867110.9271524, "Kong/insomnia": 1781867110.9271524, "dotnet/aspnetcore": 1781867110.9271524}