{"DeusData/codebase-memory-mcp": 1781867213.8800013, "obra/superpowers": 1781867213.8800013, "Kilo-Org/kilocode": 1781867213.8800013, "google-research/timesfm": 1781867213.8800013, "makeplane/plane": 1781867213.8800013, "freeCodeCamp/freeCodeCamp": 1781867213.8800013, "n0-computer/iroh": 1781867213.8800013, "alibaba/zvec": 1781867213.8800013, "Universal-Debloater-Alliance/universal-android-debloater-next-generation": 1781867213.8800013, "zai-org/GLM-5": 1781867213.8800013, "withastro/flue": 1781867213.8800013, "Lightricks/LTX-2": 1781867213.8800013, "LibreTranslate/LibreTranslate": 1781867213.8800013, "DietrichGebert/ponytail": 1781867213.8800013, "XiaomiMiMo/MiMo-Code": 1781867213.8800013, "shadcn/improve": 1781867213.8800013, "omnigent-ai/omnigent": 1781867213.8800013, "clojurewasm/ClojureWasm": 1781867213.8800013, "Kong/insomnia": 1781867213.8800013, "dotnet/aspnetcore": 1781867213.8800013}