{"chopratejas/headroom": 1781930891.0232801, "Panniantong/Agent-Reach": 1781930891.0232801, "iptv-org/iptv": 1781930891.0232801, "addyosmani/agent-skills": 1781930891.0232801, "NVIDIA/SkillSpector": 1781930891.0232801, "apple/container": 1781930891.0232801, "DeusData/codebase-memory-mcp": 1781930891.0232801, "freeCodeCamp/freeCodeCamp": 1781930891.0232801, "phuryn/pm-skills": 1781930891.0232801, "lfnovo/open-notebook": 1781930891.0232801, "chatwoot/chatwoot": 1781930891.0232801, "asgeirtj/system_prompts_leaks": 1781930891.0232801, "google-research/timesfm": 1781930891.0232801, "obra/superpowers": 1781930891.0232801, "music-assistant/server": 1781930891.0232801, "Kilo-Org/kilocode": 1781930891.0232801, "kenn-io/agentsview": 1781930891.0232801, "meshery/meshery": 1781930891.0232801, "LMCache/LMCache": 1781930891.0232801, "palmier-io/palmier-pro": 1781930891.0232801, "cypress-io/cypress": 1781930891.0232801, "puppeteer/puppeteer": 1781930891.0232801, "swc-project/swc": 1781930891.0232801, "zai-org/GLM-5": 1781930891.0232801, "alibaba/zvec": 1781930891.0232801, "makeplane/plane": 1781930891.0232801, "public-apis/public-apis": 1781930891.0232801, "withastro/flue": 1781930891.0232801, "pytest-dev/pytest": 1781930891.0232801, "n0-computer/iroh": 1781930891.0232801, "Kong/insomnia": 1781930891.0232801, "github/spec-kit": 1781930891.0232801, "Universal-Debloater-Alliance/universal-android-debloater-next-generation": 1781930891.0232801, "Lightricks/LTX-2": 1781930891.0232801, "stanford-oval/storm": 1781930891.0232801, "koala73/worldmonitor": 1781930891.0232801, "openai/codex": 1781930891.0232801, "calesthio/OpenMontage": 1781930891.0232801, "stablyai/orca": 1781930891.0232801, "cjpais/Handy": 1781930891.0232801, "santinic/audiblez": 1781930891.0232801, "virattt/ai-hedge-fund": 1781930891.0232801, "garrytan/gstack": 1781930891.0232801, "VectifyAI/OpenKB": 1781930891.0232801, "bytedance/UI-TARS-desktop": 1781930891.0232801, "BuilderIO/agent-native": 1781930891.0232801, "godotengine/godot": 1781930891.0232801, "jdx/mise": 1781930891.0232801, "K-Dense-AI/scientific-agent-skills": 1781930891.0232801, "penpot/penpot": 1781930891.0232801, "asheshgoplani/agent-deck": 1781937847.467227, "anomalyco/opentui": 1781937847.467227, "Adam-CAD/CADAM": 1781937847.467227, "rustdesk/rustdesk": 1781937847.467227, "zed-industries/zed": 1781937847.467227, "nodejs/node": 1781937847.467227, "1jehuang/jcode": 1781937847.467227, "fastapi/fastapi": 1781937847.467227, "react/react": 1781937847.467227, "kubearmor/KubeArmor": 1781937847.467227, "prometheus/prometheus": 1781937847.467227, "continuedev/continue": 1781937847.467227, "astral-sh/ruff": 1781937847.467227, "golang/go": 1781937847.467227, "tensorflow/tensorflow": 1781937847.467227, "kubernetes/kubernetes": 1781937847.467227, "vercel/next.js": 1781937847.467227, "nautechsystems/nautilus_trader": 1781937847.467227, "tauri-apps/tauri": 1781937847.467227, "X11Libre/xserver": 1781937847.467227, "DietrichGebert/ponytail": 1781937847.467227, "XiaomiMiMo/MiMo-Code": 1781937847.467227, "shadcn/improve": 1781937847.467227, "zzet/gortex": 1781937847.467227, "angular/angular": 1781937847.467227, "sveltejs/svelte": 1781937847.467227, "temporalio/temporal": 1781937847.467227, "omnigent-ai/omnigent": 1781937847.467227, "charmbracelet/crush": 1781937847.467227, "lima-vm/lima": 1781937847.467227, "livekit/livekit": 1781937847.467227, "zarazhangrui/follow-builders": 1781937847.467227, "TryGhost/Ghost": 1781937847.467227, "fishjar/kiss-translator": 1781937847.467227, "OSU-NLP-Group/HippoRAG": 1781937847.467227, "go-gitea/gitea": 1781937847.467227, "ocornut/imgui": 1781937847.467227, "dolthub/dolt": 1781937847.467227, "ast-grep/ast-grep": 1781937847.467227, "cilium/cilium": 1781937847.467227, "electron/electron": 1781937847.467227, "OrcaSlicer/OrcaSlicer": 1781937847.467227, "jamesyc/TimeCapsuleSMB": 1781937847.467227, "weaviate/weaviate": 1781937847.467227, "RPCS3/rpcs3": 1781937847.467227, "tamnd/kage": 1781937847.467227, "oxc-project/oxc": 1781937847.467227, "BuilderIO/skills": 1781937847.467227, "Michael-A-Kuykendall/shimmy": 1781937847.467227, "podman-container-tools/podman": 1781937847.467227, "affaan-m/ECC": 1781939529.853375, "kyverno/kyverno": 1781939529.853375, "argoproj/argo-cd": 1781939529.853375, "RocketChat/Rocket.Chat": 1781939529.853375, "alibaba/MNN": 1781939529.853375, "facebook/rocksdb": 1781939529.853375, "TheOdinProject/curriculum": 1781939529.853375, "vercel/eve": 1781939529.853375, "lenucksi/aur-malware-check": 1781939529.853375, "musescore/MuseScore": 1781939529.853375, "espressif/arduino-esp32": 1781939529.853375, "oven-sh/bun": 1781939529.853375, "apache/datafusion": 1781939529.853375, "fleetdm/fleet": 1781939529.853375, "Waishnav/devspace": 1781939529.853375, "SkyBlue997/enableMacosAI": 1781939529.853375, "k0sproject/k0s": 1781939529.853375, "facebook/folly": 1781939529.853375, "doctest/doctest": 1781939529.853375, "fmtlib/fmt": 1781939529.853375, "huggingface/transformers.js": 1781939529.853375, "excalidraw/excalidraw": 1781939529.853375, "littlefs-project/littlefs": 1781939529.853375, "google/googletest": 1781939529.853375, "loc567/loc567": 1781939529.853375, "MystenLabs/sui": 1781939529.853375, "apache/arrow": 1781939529.853375, "srush/gpu-puzzles": 1781939529.853375, "entireio/cli": 1781939529.853375, "EEliberto/IPA-Download": 1781939529.853375, "levy-street/world-of-claudecraft": 1781939529.853375, "Mathieu2301/TradingView-API": 1781939529.853375, "chromiumembedded/cef": 1781939529.853375, "dbt-labs/dbt-core": 1781939529.853375, "nolangz/pixel2motion": 1781939529.853375, "orange2ai/renwei-writing": 1781939529.853375, "vorssaint/vorssaint-utils": 1781939529.853375, "alchaincyf/fanbox": 1781939529.853375, "coder/boo": 1781939529.853375, "joeseesun/qiaomu-goal-meta-skill": 1781939529.853375, "SunJaycy/GoldenEye-Recomp": 1781939529.853375, "TestSprite/testsprite-cli": 1781939529.853375, "fguzman82/gateGPT": 1781939529.853375, "MSNightmare/GreatXML": 1781939529.853375, "DanMcInerney/architect-loop": 1781939529.853375, "mrtooher/fable-mode": 1781939529.853375, "NO6KIKO/gorest-2d-animation-spritesheet-generator": 1781939529.853375, "Plaer1/junction": 1781939529.853375, "fivetaku/fablize": 1781939529.853375, "BishopFox/cloudfox": 1781939529.853375}