{"chopratejas/headroom": 1781875517.7475166, "addyosmani/agent-skills": 1781875517.7475166, "iptv-org/iptv": 1781875517.7475166, "Panniantong/Agent-Reach": 1781875517.7475166, "apple/container": 1781875517.7475166, "NVIDIA/SkillSpector": 1781875517.7475166, "phuryn/pm-skills": 1781875517.7475166, "DeusData/codebase-memory-mcp": 1781875517.7475166, "freeCodeCamp/freeCodeCamp": 1781875517.7475166, "chatwoot/chatwoot": 1781875517.7475166, "lfnovo/open-notebook": 1781875517.7475166, "asgeirtj/system_prompts_leaks": 1781875517.7475166, "google-research/timesfm": 1781875517.7475166, "kenn-io/agentsview": 1781875517.7475166, "Kilo-Org/kilocode": 1781875517.7475166, "obra/superpowers": 1781875517.7475166, "music-assistant/server": 1781875517.7475166, "meshery/meshery": 1781875517.7475166, "LMCache/LMCache": 1781875517.7475166, "github/spec-kit": 1781875517.7475166, "calesthio/OpenMontage": 1781875517.7475166, "palmier-io/palmier-pro": 1781875517.7475166, "cypress-io/cypress": 1781875517.7475166, "puppeteer/puppeteer": 1781875517.7475166, "swc-project/swc": 1781875517.7475166, "zai-org/GLM-5": 1781875517.7475166, "alibaba/zvec": 1781875517.7475166, "makeplane/plane": 1781875517.7475166, "public-apis/public-apis": 1781875517.7475166, "Adam-CAD/CADAM": 1781875517.7475166, "penpot/penpot": 1781875517.7475166, "n0-computer/iroh": 1781875517.7475166, "withastro/flue": 1781875517.7475166, "pytest-dev/pytest": 1781875517.7475166, "openai/codex": 1781875517.7475166, "Kong/insomnia": 1781875517.7475166, "Universal-Debloater-Alliance/universal-android-debloater-next-generation": 1781875517.7475166, "continuedev/continue": 1781875517.7475166, "cjpais/Handy": 1781875517.7475166, "stanford-oval/storm": 1781875517.7475166, "Lightricks/LTX-2": 1781875517.7475166, "bytedance/UI-TARS-desktop": 1781875517.7475166, "VectifyAI/OpenKB": 1781875517.7475166, "K-Dense-AI/scientific-agent-skills": 1781875517.7475166, "santinic/audiblez": 1781875517.7475166, "MemPalace/mempalace": 1781875517.7475166, "garrytan/gstack": 1781875517.7475166, "koala73/worldmonitor": 1781875517.7475166, "BuilderIO/agent-native": 1781875517.7475166, "stablyai/orca": 1781875517.7475166, "virattt/ai-hedge-fund": 1781925356.7452915, "godotengine/godot": 1781925356.7452915, "ifixai-ai/iFixAi": 1781925356.7452915, "jdx/mise": 1781925356.7452915, "asheshgoplani/agent-deck": 1781925356.7452915, "anomalyco/opentui": 1781925356.7452915, "rustdesk/rustdesk": 1781925356.7452915, "zed-industries/zed": 1781925356.7452915, "nodejs/node": 1781925356.7452915, "1jehuang/jcode": 1781925356.7452915, "fastapi/fastapi": 1781925356.7452915, "react/react": 1781925356.7452915, "kubearmor/KubeArmor": 1781925356.7452915, "prometheus/prometheus": 1781925356.7452915, "astral-sh/ruff": 1781925356.7452915, "golang/go": 1781925356.7452915, "tensorflow/tensorflow": 1781925356.7452915, "kubernetes/kubernetes": 1781925356.7452915, "vercel/next.js": 1781925356.7452915, "nautechsystems/nautilus_trader": 1781925356.7452915, "tauri-apps/tauri": 1781925356.7452915, "DietrichGebert/ponytail": 1781925356.7452915, "XiaomiMiMo/MiMo-Code": 1781925356.7452915, "shadcn/improve": 1781925356.7452915, "zzet/gortex": 1781925356.7452915, "angular/angular": 1781925356.7452915, "sveltejs/svelte": 1781925356.7452915, "temporalio/temporal": 1781925356.7452915, "omnigent-ai/omnigent": 1781925356.7452915, "charmbracelet/crush": 1781925356.7452915, "X11Libre/xserver": 1781925356.7452915, "lima-vm/lima": 1781925356.7452915, "livekit/livekit": 1781925356.7452915, "zarazhangrui/follow-builders": 1781925356.7452915, "TryGhost/Ghost": 1781925356.7452915, "fishjar/kiss-translator": 1781925356.7452915, "OSU-NLP-Group/HippoRAG": 1781925356.7452915, "go-gitea/gitea": 1781925356.7452915, "ocornut/imgui": 1781925356.7452915, "dolthub/dolt": 1781925356.7452915, "ast-grep/ast-grep": 1781925356.7452915, "cilium/cilium": 1781925356.7452915, "electron/electron": 1781925356.7452915, "OrcaSlicer/OrcaSlicer": 1781925356.7452915, "jamesyc/TimeCapsuleSMB": 1781925356.7452915, "weaviate/weaviate": 1781925356.7452915, "RPCS3/rpcs3": 1781925356.7452915, "oxc-project/oxc": 1781925356.7452915, "tamnd/kage": 1781925356.7452915, "BuilderIO/skills": 1781925356.7452915}