{"chopratejas/headroom": 1781868075.8599432, "addyosmani/agent-skills": 1781868075.8599432, "iptv-org/iptv": 1781868075.8599432, "Panniantong/Agent-Reach": 1781868075.8599432, "apple/container": 1781868075.8599432, "NVIDIA/SkillSpector": 1781868075.8599432, "mvanhorn/last30days-skill": 1781868075.8599432, "phuryn/pm-skills": 1781868075.8599432, "DeusData/codebase-memory-mcp": 1781868075.8599432, "freeCodeCamp/freeCodeCamp": 1781868075.8599432, "chatwoot/chatwoot": 1781868075.8599432, "lfnovo/open-notebook": 1781868075.8599432, "obra/superpowers": 1781868075.8599432, "kenn-io/agentsview": 1781868075.8599432, "Kilo-Org/kilocode": 1781868075.8599432, "microsoft/PowerToys": 1781868075.8599432, "mattermost/mattermost": 1781868075.8599432, "meshery/meshery": 1781868075.8599432, "google-research/timesfm": 1781868075.8599432, "LMCache/LMCache": 1781868075.8599432, "Egonex-AI/Understand-Anything": 1781868075.8599432, "github/spec-kit": 1781868075.8599432, "calesthio/OpenMontage": 1781868075.8599432, "makeplane/plane": 1781868075.8599432, "puppeteer/puppeteer": 1781868075.8599432}